Title,Price,Page_URL
Asus Rog Zephyrus G14. Best Gaming Laptop Around - Asus G14 Ga401 14 Inch Notebook - Aliexpress,RM37.29,https://www.lazada.com.my/tag/best-gaming-laptop/
DELL LATITUDE 3470 TOUCHSCREEN - INTEL CORE I5 6TH GEN / 8GB DDR3 RAM / 32GB SSD STORAGE / WINDOW 11 PRO / 14 INCH,RM199.00,https://www.lazada.com.my/tag/best-gaming-laptop/
Laptop N22-23 Lenovo Window 10 | Intel Celeron 11.6 HD IPS Display | 4GB RAM 16GB SSD Best For Business And Student,RM130.00,https://www.lazada.com.my/tag/best-gaming-laptop/
HP Stream 11 Pro G3 / Intel Celeron / 4GB RAM / 64GB SSD / 11.6 Inches / HD Display / Slim Model / Best For Student / Green IT,RM299.00,https://www.lazada.com.my/tag/best-gaming-laptop/
Duty free goods HP laptop [brand new] EliteBook 820/840 G3 In Dual-Core i5/i7 6200u/6500u 8GB/12GB/16GB RAM DDR4 256G/512g/1T SSD 12.5/14-inches screen built in camera/webcam business work windows11 pro MS Office 365 online learning compute,RM452.50,https://www.lazada.com.my/tag/best-gaming-laptop/
"GAMING & EDITING DELL LATITUDE 7490, 7480 , 7280 CORE I5 7TH , 6TH GENERATION 16GB RAM / 512GB SSD NVME M.2",RM579.00,https://www.lazada.com.my/tag/best-gaming-laptop/
HP Omen gaming laptop (Ryzen 9 7940hs/7 7840hs/5 7640hs/rtx4070/rtx4060/rtx4050) 16-xf0066ax/16-xf0029ax/16-xf0028ax,RM996.30,https://www.lazada.com.my/tag/best-gaming-laptop/
"MSI Raider GE78HX 17 ""240Hz QHD Gaming Laptop: In Core i9-14900HX, NVIDIA Geforce RTX 4070, 32GB DDR5, 1TB NVMe SSD, Thunderbolt 4, Cooler Boost 5, Win 11 Home: hitam 14VGG-205US","RM1,472.10",https://www.lazada.com.my/tag/best-gaming-laptop/
Best Quality Women's Pink Laptop 15.6 Inch 12TH CPU Intel Core i7 J4125 N5095 Quad Core Laptop IPS Eye Protection Screen Built-in HD Camera Windows10 Pro MS Office Office Study Gaming Laptop PC,"RM1,380.00",https://www.lazada.com.my/tag/best-gaming-laptop/
"(3-Year-Warranty)2025 Portable Suitable for students Intel Core i7 -7500U, DDR4, 12GB RAM 1/2TB SSD, laptop,notebook,Windows 11 Pro, Office, 14.1 inch",RM953.64,https://www.lazada.com.my/tag/best-gaming-laptop/
MSI CYBORG 15 AI A12VF-1610MY Gaming Laptop (i7-12650H /8GB OR 16GB DDR5/ 512GB SSD/15.6 FHD 144HZ / NVIDIA RTX 4060 8GB/ W11 /BAG/2Yrs),"RM4,299.00",https://www.lazada.com.my/tag/best-gaming-laptop/
"ASUS Laptop TUF Gaming A15 FA506N-FRHN666W (RYZEN 7-7435HS/8GB OR 16GB RAM/512GB SSD/NVIDIA RTX2050 4GB /15.6"" FHD 144HZ/ RGB KEY /W11/BACKPACK/2Y)","RM2,999.00",https://www.lazada.com.my/tag/best-gaming-laptop/
Hp Victus Gaming Laptop [15-Fb1047Ax - Performance Blue / 15-Fb1048Ax - Mica Silver],"RM2,910.00",https://www.lazada.com.my/tag/best-gaming-laptop/
"MSI GAMING LAPTOP Cyborg 15 AI (i7-13620H/16GB /512GB /15.6"" FHD 144HZ/ RTX 4050 6GB/ RGB KEY/W11/BAG/2YR) A13VEK-887MY","RM3,999.00",https://www.lazada.com.my/tag/best-gaming-laptop/
"MSI GAMING LAPTOP Cyborg 15 A12VE-682MY (I5-12450H /16GB OR 32GB DDR5 /512GB/15.6"" FHD144hz /NVIDIA RTX4050 6GB/W11/BACKPACK/2YRS)","RM3,699.00",https://www.lazada.com.my/tag/best-gaming-laptop/
Hot Sale MACHENIKE Machcreator AMD Ryzen 7 5700U laptop 16G RAM 512G SSD 15.6 inch FHD screen 2024 new laptop for student,"RM2,198.00",https://www.lazada.com.my/tag/best-gaming-laptop/
"Lenovo LOQ AI Gaming Laptop 83LK002BMJ (i5-12450HX /8GB OR 16GB /512GB SSD/ NVIDIA RTX2050 4GB /15.6"" FHD 144HZ /W11/BAG/2Y)","RM2,799.00",https://www.lazada.com.my/tag/best-gaming-laptop/
"MSI GAMING LAPTOP THINS 15  B12UCX-2822MY (i5-12450H /8GB OR 16GB DDR4 /512GB SSD/15.6"" FHD 144HZ /GEFORCE RTX 2050 4GB/ W11/ Backpack)","RM2,689.00",https://www.lazada.com.my/tag/best-gaming-laptop/
"MSI Katana 17 17.3"" 144Hz FHD Gaming Laptop","RM1,000.00",https://www.lazada.com.my/tag/best-gaming-laptop/
Gigabyte Gaming Laptop G5 KF5 AI (i7-13620H/16GB OR 32GB DDR5 /1TB SSD/15.6'' FHD 144HZ/ NVIDIA RTX4060 8GB /RGB KEY/ W11/ 2Y/ BAG) H3MY354KH,"RM4,899.00",https://www.lazada.com.my/tag/best-gaming-laptop/
"HP Victus Gaming Laptop 15-fb1047AX (Performance Blue) / 15-fb1048AX (Mica Silver) 15.6'' (""AMD Ryzen™ 5 7535HS, 512GB SSD, 8GB, NVIDIA® GeForce RTX™ 2050 Laptop GPU (4 GB GDDR6 dedicated), W11H)","RM2,999.00",https://www.lazada.com.my/tag/best-gaming-laptop/
"GIGABYTE  Laptop G6 KF H3MY853SH AI Gaming  (INTEL I7-13620H / 16GB/ 512GB SSD/ 8GB NVIDIA RTX4060/ 16"" WUXGA 165Hz/ RGB KEYBOARD/ W11/BACKPACK/2YRS WARRANTY)","RM4,799.00",https://www.lazada.com.my/tag/best-gaming-laptop/
"MSI LAPTOP Thin 15 (NEW) GAMING LAPTOP (i5-12450H /8GB ,16GB OR 32GB DDR4 /512GB SSD/15.6"" FHD /GEFORCE RTX 2050 4GB/ W11/ Backpack/2Y) B12UCX-2822MY","RM2,689.00",https://www.lazada.com.my/tag/best-gaming-laptop/
LENOVO LOQ AI GAMING LAPTOP 83GS005SMJ (I5-12450HX/ 12GB DDR5/512GB SSD/15.6 FHD 144HZ G-SYNC/6GB GEFORCE RTX4050 /LA1 AI CHIP /W11/BAG/2YRS),"RM3,899.00",https://www.lazada.com.my/tag/best-gaming-laptop/
"Razer Blade 15 2019 Laptop permainan/15.6 ""144Hz FHD IPS/ i7-9750H/ 32GB RAM/ Samsung 970 Pro 512GB Crucial 500GB SSD / NVIDIA GeForce GTX 1660 Ti 6GB GDDR6/ Windows 11  Office 2021","RM1,357.50",https://www.lazada.com.my/tag/best-gaming-laptop/
VICTUS Gaming Laptop 15-fa1231TX - Intel Core i5 - 8 GB RAM - 512 GB SSD - 15.6 - FHD - Windows 11,"RM3,899.00",https://www.lazada.com.my/tag/best-gaming-laptop/
【Best Price】100% Genuine 2023 RedmiBook Pro 15 Laptop /AMD Ryzen R5 7640HS/R7 7840HS 16GB LPDDR5 RAM 512GB SSD Notebook/ 3.2K 120HZ Screen Redmibook Laptop/xiaomi laptop小米红米笔记本电脑,"RM3,249.50",https://www.lazada.com.my/tag/best-gaming-laptop/
HP Victus 15.6 i5 Gaming Laptop,"RM1,464.00",https://www.lazada.com.my/tag/best-gaming-laptop/
"ASUS TUF Gaming Laptop A15 FA506N-FRHN666W (RYZEN 7-7435HS/8GB OR 16GB RAM/512GB SSD/NVIDIA RTX2050 4GB /15.6"" FHD 144HZ/ RGB KEY /W11/BACKPACK/2Y)","RM3,099.00",https://www.lazada.com.my/tag/best-gaming-laptop/
Gaming Laptop Lenovo Core i7 with GTX Graphics # Y500 Ram 16GB # SSD 512GB Storage # NVIDIA GeForce GTX 960M # Key Board Back Light # Windows 11 # Adobe Illustrator # Photo Shop # Camera # Wifi # Battery&charge,"RM1,080.00",https://www.lazada.com.my/tag/best-gaming-laptop/
Laptop Gaming Laptop Intel core i7-5500U 3.0GHz DDR4 Memory 16G SSD 256GB/512GB/1TB Windows11 Pro Play GTA V Two Year Warranty,"RM1,659.00",https://www.lazada.com.my/tag/best-gaming-laptop/
"HP 2022 Victus 15.6"" FHD 144Hz Gaming Laptop","RM1,000.00",https://www.lazada.com.my/tag/best-gaming-laptop/
VICTUS Gaming Laptop 15-fa1232TX - Intel Core i5 - 8 GB RAM - 512 GB SSD - 15.6 - FHD - Windows 11,"RM3,899.00",https://www.lazada.com.my/tag/best-gaming-laptop/
Gigabyte Laptop G5 KF5 AI Gaming (i7-13620H/16GB DDR5 /1TB SSD/ 15.6'' FHD 144HZ/ NVIDIA RTX4060 8GB / RGB KEYBOARD/ W11/2Y/BAG) H3MY354KH,"RM4,799.00",https://www.lazada.com.my/tag/best-gaming-laptop/
"MSI Raider GE68HX 16” 144Hz MiniLED UHD+ Gaming Laptop: Intel Core i9-14900HX, NVIDIA Geforce RTX 4070, 32GB DDR5, 2TB NVMe SSD, Thunderbolt 4, Cooler Boost 5, Win 11 Home: Black 14VGG-247US","RM2,000.00",https://www.lazada.com.my/tag/best-gaming-laptop/
"STUDENTS  AND GAMING LAPTOP / LENOVO THINKPAD W550s, W541CORE I7 15.6"" INCH DISPLAY WINDOWS / 16GB RAM , 512GB SSD",RM699.00,https://www.lazada.com.my/tag/best-gaming-laptop/
Mirval F7 Laptop Gaming Computer 240Hz Refresh Rate 2.5K IPS DDR4 16GB 512GB SSD 15.6'' IPS AMD Ryzen R7 5700U 8 Cores CPU Notebook,"RM2,099.90",https://www.lazada.com.my/tag/best-gaming-laptop/
Asus ROG i7 gaming Laptop with high end specs GTX Graphic ssd + Hdd 1Tb ram 16Gb,"RM2,199.00",https://www.lazada.com.my/tag/best-gaming-laptop/
"MSI Laptop Sword 16 HX Gaming B13VFKG-830MY (intel i7-13700HX/16GB OR 32GB DDR5 /1TB SSD/ RTX 4060 8GB/ 16"" FHD IPS 144HZ/ 24 RGB KEY/ W11/BAG)","RM4,999.00",https://www.lazada.com.my/tag/best-gaming-laptop/
"HP Victus Gaming 16-E1040AX 16.1"" FHD 144Hz Gaming Laptop - Performance Blue (AMD Ryzen 7 6800H, 8GB RAM, 512GB SSD, NVD RTX3050Ti, Win11) + HP Pavilion Gaming Backpack","RM3,937.00",https://www.lazada.com.my/tag/best-gaming-laptop/
